"user","done"
"_Romka_",0
"112atn323",0
"a9108tc",0
"ainu7",0
"al_gol",0
"all_random",0
"ashersyed",0
"aswmtjdsj",0
"atmosphere",0
"azneye",0
"bohuss",0
"brajeshlkw",0
"Breusov",0
"brev",0
"chandan047",0
"chengweichi",0
"cxz2004",0
"cyril.v",0
"dimkadimon",0
"EgorLakomkin",0
"EvbCFfp1XB",0
"FCoskun",0
"Fed",0
"fugusuki",0
"fujiyama",0
"goldfinch",0
"gondzo",0
"GoogleHireMe",0
"haipt81",0
"haveri",0
"hiro_00",0
"Infinity.",0
"Irioth",0
"Johan.de.Ruiter",0
"JRSSKumarD",0
"jthread",0
"klo86min",0
"kubapb",0
"Lapro",0
"limed",0
"lionelc",0
"lipsum",0
"logico14",0
"LOY",0
"Lozy",0
"maniek",0
"marek.cygan",0
"martin.trojak",0
"megaterik",0
"miguel_clean",0
"Mimino",0
"mln",0
"moshu",0
"neo.subrata",0
"nkshn",0
"nroeth",0
"omegayu",0
"orlovan",0
"petroos",0
"pfr",0
"Psyho",0
"PuffRing",0
"rado42",0
"rrr_guru",0
"ryuwonha",0
"sabbathist",0
"sas4eka",0
"SebM",0
"smudge",0
"soybean",0
"tanzaku",0
"TMALBONPH",0
"tri_code",0
"Vetteru",0
"WojciechMigda",0
"wsobolewski",0
"WTrei",0
"wzyxp_123",0
"xhae",0
"xiaoruby",0
"yaric_om",0
"yfalah",0
"yoshibo-",0
"yrtchn",0
"zaq1xsw2tktk",0
"ZLATKO",0
