Report For View (Profile): 	Master (Rewrite)

These results do not contain sampled data.

These query parameters were used:
max-results	10000
dimensions	ga:eventCategory,ga:eventLabel,ga:eventAction
start-date	300daysAgo
start-index	1
ids	ga:42833423
metrics	ga:sessions
filters	ga:eventAction=~Banner
end-date	yesterday

ga:eventCategory	ga:eventLabel	ga:eventAction	ga:sessions
mmViewProblem	1101	16359: BannerRegistration	1
mmViewProblem	1957	16359: BannerRegistration	1
mmViewProblem	AlvaroF	16359: BannerRegistration	1
mmViewProblem	AnandVeeramani	16359: BannerRegistration	2
mmViewProblem	AndyFang	16359: BannerRegistration	1
mmViewProblem	ArteVisual	16359: BannerRegistration	1
mmViewProblem	Avitella	16359: BannerRegistration	3
mmViewProblem	Ayaka.Kondo	16359: BannerRegistration	1
mmViewProblem	Bankevich	16359: BannerRegistration	1
mmViewProblem	Bargash	16359: BannerRegistration	1
mmViewProblem	BitRoyal	16359: BannerRegistration	1
mmViewProblem	Braddy	16359: BannerRegistration	2
mmViewProblem	Breusov	16359: BannerRegistration	1
mmViewProblem	CatalinT	16359: BannerRegistration	2
mmViewProblem	Chikov2	16359: BannerRegistration	1
mmViewProblem	ComputerGenie	16359: BannerRegistration	2
mmViewProblem	CzarXerxes	16359: BannerRegistration	3
mmViewProblem	DHEERAJSONI	16359: BannerRegistration	1
mmViewProblem	DKivaRAM	16359: BannerRegistration	1
mmViewProblem	DaviP	16359: BannerRegistration	1
mmViewProblem	DesertStorm	16359: BannerRegistration	1
mmViewProblem	DrWhatsisname	16359: BannerRegistration	1
mmViewProblem	EdinDzanic	16359: BannerRegistration	1
mmViewProblem	Engnabilfawzy	16359: BannerRegistration	1
mmViewProblem	Euniceadu	16359: BannerRegistration	1
mmViewProblem	F.L.K	16359: BannerRegistration	4
mmViewProblem	Fdg	16359: BannerRegistration	2
mmViewProblem	Geronis	16359: BannerRegistration	1
mmViewProblem	GoogleHireMe	16359: BannerRegistration	1
mmViewProblem	Gordak	16359: BannerRegistration	1
mmViewProblem	Gradient12	16359: BannerRegistration	1
mmViewProblem	GrantRVD	16359: BannerRegistration	3
mmViewProblem	Hans_G_Krosing	16359: BannerRegistration	1
mmViewProblem	IoanMPopdan	16359: BannerRegistration	1
mmViewProblem	Irioth	16359: BannerRegistration	2
mmViewProblem	IronLordByron	16359: BannerRegistration	1
mmViewProblem	Ironhawks	16359: BannerRegistration	5
mmViewProblem	JK24	16359: BannerRegistration	1
mmViewProblem	JRSSKumarD	16359: BannerRegistration	10
mmViewProblem	Jake1164	16359: BannerRegistration	1
mmViewProblem	JavaLinker	16359: BannerRegistration	1
mmViewProblem	Jodles	16359: BannerRegistration	1
mmViewProblem	Johan.de.Ruiter	16359: BannerRegistration	1
mmViewProblem	Jose_Linares	16359: BannerRegistration	1
mmViewProblem	Joupa	16359: BannerRegistration	1
mmViewProblem	Kamina	16359: BannerRegistration	1
mmViewProblem	KanchanLuitel	16359: BannerRegistration	1
mmViewProblem	Kaspneo	16359: BannerRegistration	1
mmViewProblem	Kent.Caspersen	16359: BannerRegistration	1
mmViewProblem	Kinematic	16359: BannerRegistration	3
mmViewProblem	KostikBigOne	16359: BannerRegistration	1
mmViewProblem	LaguneXXX	16359: BannerRegistration	2
mmViewProblem	Lapro	16359: BannerRegistration	1
mmViewProblem	Liaksiejka	16359: BannerRegistration	2
mmViewProblem	Maciek.Partyka	16359: BannerRegistration	1
mmViewProblem	MahmoudAGawad	16359: BannerRegistration	1
mmViewProblem	Mate38	16359: BannerRegistration	1
mmViewProblem	Mloody2000	16359: BannerRegistration	2
mmViewProblem	Mojito1	16359: BannerRegistration	1
mmViewProblem	Monchi	16359: BannerRegistration	1
mmViewProblem	MonicaMuranyi	16359: BannerRegistration	1
mmViewProblem	MostafaSaeed	16359: BannerRegistration	1
mmViewProblem	Mozartted	16359: BannerRegistration	1
mmViewProblem	Mril284	16359: BannerRegistration	1
mmViewProblem	Mukundha_G	16359: BannerRegistration	1
mmViewProblem	Nadafy	16359: BannerRegistration	1
mmViewProblem	Neodym	16359: BannerRegistration	1
mmViewProblem	Nickolas	16359: BannerRegistration	2
mmViewProblem	Nil_ct	16359: BannerRegistration	2
mmViewProblem	NotAdam	16359: BannerRegistration	1
mmViewProblem	OlexandrT	16359: BannerRegistration	1
mmViewProblem	PaxosMyth	16359: BannerRegistration	1
mmViewProblem	Pena	16359: BannerRegistration	1
mmViewProblem	PredictorX	16359: BannerRegistration	1
mmViewProblem	Progyr	16359: BannerRegistration	1
mmViewProblem	Proud2BACoug	16359: BannerRegistration	2
mmViewProblem	PuffRing	16359: BannerRegistration	1
mmViewProblem	Qasaur	16359: BannerRegistration	1
mmViewProblem	RRx	16359: BannerRegistration	3
mmViewProblem	Ra16bit	16359: BannerRegistration	2
mmViewProblem	Raja.Reddy	16359: BannerRegistration	1
mmViewProblem	Rajpurohit	16359: BannerRegistration	1
mmViewProblem	RegAse	16359: BannerRegistration	1
mmViewProblem	Rizvanov_de_xXx	16359: BannerRegistration	1
mmViewProblem	Robert.Beckett	16359: BannerRegistration	1
mmViewProblem	RobinWang	16359: BannerRegistration	2
mmViewProblem	Rubanenko	16359: BannerRegistration	3
mmViewProblem	SIGCHLD	16359: BannerRegistration	1
mmViewProblem	SePulTribe	16359: BannerRegistration	3
mmViewProblem	SebM	16359: BannerRegistration	2
mmViewProblem	Seip_meginu	16359: BannerRegistration	1
mmViewProblem	SoberMonkey	16359: BannerRegistration	1
mmViewProblem	Sord	16359: BannerRegistration	1
mmViewProblem	Steven_Huang	16359: BannerRegistration	4
mmViewProblem	Swistakk	16359: BannerRegistration	1
mmViewProblem	T-Masaaki	16359: BannerRegistration	1
mmViewProblem	TMALBONPH	16359: BannerRegistration	1
mmViewProblem	TahaMahmoud	16359: BannerRegistration	2
mmViewProblem	Taquion	16359: BannerRegistration	1
mmViewProblem	Tokiru	16359: BannerRegistration	2
mmViewProblem	ToughG	16359: BannerRegistration	1
mmViewProblem	Tqup3	16359: BannerRegistration	1
mmViewProblem	TrePe	16359: BannerRegistration	2
mmViewProblem	Uchigle	16359: BannerRegistration	3
mmViewProblem	VArt	16359: BannerRegistration	1
mmViewProblem	V[i]ctor	16359: BannerRegistration	3
mmViewProblem	Vardan(RAU)	16359: BannerRegistration	1
mmViewProblem	Venug	16359: BannerRegistration	1
mmViewProblem	Vetteru	16359: BannerRegistration	2
mmViewProblem	WTrei	16359: BannerRegistration	2
mmViewProblem	Wilxzzz	16359: BannerRegistration	1
mmViewProblem	WojciechMigda	16359: BannerRegistration	6
mmViewProblem	Wook.Song	16359: BannerRegistration	1
mmViewProblem	Yeko	16359: BannerRegistration	1
mmViewProblem	Yizuz	16359: BannerRegistration	1
mmViewProblem	YurkoFlisk	16359: BannerRegistration	1
mmViewProblem	_Kevin	16359: BannerRegistration	1
mmViewProblem	_Romka_	16359: BannerRegistration	1
mmViewProblem	_dp_singh	16359: BannerRegistration	1
mmViewProblem	aakinola	16359: BannerRegistration	1
mmViewProblem	aarticodes	16359: BannerRegistration	1
mmViewProblem	abcivashritt	16359: BannerRegistration	1
mmViewProblem	abhi117	16359: BannerRegistration	1
mmViewProblem	abhishek.awale	16359: BannerRegistration	1
mmViewProblem	ablasco	16359: BannerRegistration	6
mmViewProblem	abundrew	16359: BannerRegistration	2
mmViewProblem	adk90	16359: BannerRegistration	1
mmViewProblem	ads71993	16359: BannerRegistration	1
mmViewProblem	afrhu	16359: BannerRegistration	1
mmViewProblem	aguimont	16359: BannerRegistration	1
mmViewProblem	ahoenig	16359: BannerRegistration	3
mmViewProblem	ainu7	16359: BannerRegistration	2
mmViewProblem	air13	16359: BannerRegistration	1
mmViewProblem	ajr.grubbs	16359: BannerRegistration	1
mmViewProblem	akarwa	16359: BannerRegistration	1
mmViewProblem	aklecram	16359: BannerRegistration	1
mmViewProblem	akovski	16359: BannerRegistration	1
mmViewProblem	akshat-10	16359: BannerRegistration	1
mmViewProblem	al_gol	16359: BannerRegistration	1
mmViewProblem	alazyrabbit	16359: BannerRegistration	2
mmViewProblem	alcanta	16359: BannerRegistration	2
mmViewProblem	alecn2002	16359: BannerRegistration	1
mmViewProblem	alegro	16359: BannerRegistration	1
mmViewProblem	alex90	16359: BannerRegistration	1
mmViewProblem	alexey.dvortsov	16359: BannerRegistration	1
mmViewProblem	alexpeptan	16359: BannerRegistration	4
mmViewProblem	alinionut.popa	16359: BannerRegistration	1
mmViewProblem	ananthhh	16359: BannerRegistration	2
mmViewProblem	andrei.ai	16359: BannerRegistration	1
mmViewProblem	andrey_korol	16359: BannerRegistration	1
mmViewProblem	andrez89	16359: BannerRegistration	1
mmViewProblem	anonymous	16359: BannerRegistration	1196
mmViewProblem	anton.gulikov	16359: BannerRegistration	1
mmViewProblem	antoshkaplus	16359: BannerRegistration	1
mmViewProblem	antslag	16359: BannerRegistration	1
mmViewProblem	anubhav11	16359: BannerRegistration	1
mmViewProblem	aropan	16359: BannerRegistration	1
mmViewProblem	arun.vishnu	16359: BannerRegistration	1
mmViewProblem	asavant	16359: BannerRegistration	1
mmViewProblem	asmisha	16359: BannerRegistration	1
mmViewProblem	asrata	16359: BannerRegistration	2
mmViewProblem	assy0000	16359: BannerRegistration	1
mmViewProblem	aswmtjdsj	16359: BannerRegistration	1
mmViewProblem	athought	16359: BannerRegistration	1
mmViewProblem	austincoder	16359: BannerRegistration	1
mmViewProblem	awyeasting	16359: BannerRegistration	1
mmViewProblem	azneye	16359: BannerRegistration	8
mmViewProblem	back2back	16359: BannerRegistration	1
mmViewProblem	baseballnut	16359: BannerRegistration	1
mmViewProblem	bcurcio	16359: BannerRegistration	1
mmViewProblem	bdepwgjqet	16359: BannerRegistration	1
mmViewProblem	benedikt.fuisz	16359: BannerRegistration	1
mmViewProblem	bijay.bisht	16359: BannerRegistration	1
mmViewProblem	binon	16359: BannerRegistration	2
mmViewProblem	biomat	16359: BannerRegistration	1
mmViewProblem	bluenet	16359: BannerRegistration	1
mmViewProblem	bnu05pp	16359: BannerRegistration	1
mmViewProblem	bohuss	16359: BannerRegistration	5
mmViewProblem	boopalanj	16359: BannerRegistration	7
mmViewProblem	c7d5a6	16359: BannerRegistration	3
mmViewProblem	cannab	16359: BannerRegistration	1
mmViewProblem	cant_dance	16359: BannerRegistration	1
mmViewProblem	carushi	16359: BannerRegistration	1
mmViewProblem	caustique	16359: BannerRegistration	2
mmViewProblem	cgt03	16359: BannerRegistration	1
mmViewProblem	chandan047	16359: BannerRegistration	2
mmViewProblem	chandanakiti	16359: BannerRegistration	1
mmViewProblem	cheaps	16359: BannerRegistration	1
mmViewProblem	chengweichi	16359: BannerRegistration	5
mmViewProblem	chicapi	16359: BannerRegistration	2
mmViewProblem	chok68	16359: BannerRegistration	1
mmViewProblem	chris312	16359: BannerRegistration	1
mmViewProblem	chunktri	16359: BannerRegistration	1
mmViewProblem	claudiobellei	16359: BannerRegistration	1
mmViewProblem	cmaher	16359: BannerRegistration	1
mmViewProblem	cmparish	16359: BannerRegistration	1
mmViewProblem	codingdrone	16359: BannerRegistration	1
mmViewProblem	crazygo	16359: BannerRegistration	2
mmViewProblem	ctrucza	16359: BannerRegistration	2
mmViewProblem	cubixguy77	16359: BannerRegistration	1
mmViewProblem	cxz2004	16359: BannerRegistration	1
mmViewProblem	cyril.v	16359: BannerRegistration	2
mmViewProblem	d_jash	16359: BannerRegistration	5
mmViewProblem	daga_sumit	16359: BannerRegistration	2
mmViewProblem	danbanica	16359: BannerRegistration	3
mmViewProblem	darol	16359: BannerRegistration	1
mmViewProblem	dastaan1990	16359: BannerRegistration	1
mmViewProblem	daviduarte	16359: BannerRegistration	2
mmViewProblem	dbgriffith01	16359: BannerRegistration	1
mmViewProblem	ddrsmile	16359: BannerRegistration	1
mmViewProblem	deepak.pucsd	16359: BannerRegistration	1
mmViewProblem	defatigue	16359: BannerRegistration	2
mmViewProblem	delabourdonnais	16359: BannerRegistration	1
mmViewProblem	dexy	16359: BannerRegistration	1
mmViewProblem	dhbellol	16359: BannerRegistration	2
mmViewProblem	dhruvkalaria	16359: BannerRegistration	1
mmViewProblem	didi_baga	16359: BannerRegistration	1
mmViewProblem	dilip.thapa	16359: BannerRegistration	2
mmViewProblem	dima_pp	16359: BannerRegistration	1
mmViewProblem	dimonica	16359: BannerRegistration	1
mmViewProblem	dkaai	16359: BannerRegistration	1
mmViewProblem	dkotlyarov	16359: BannerRegistration	1
mmViewProblem	doudouille	16359: BannerRegistration	2
mmViewProblem	drewxiu	16359: BannerRegistration	1
mmViewProblem	eatingpeaches	16359: BannerRegistration	1
mmViewProblem	ecv	16359: BannerRegistration	2
mmViewProblem	emanuele.vespa	16359: BannerRegistration	1
mmViewProblem	f1zz0_13	16359: BannerRegistration	2
mmViewProblem	faeton	16359: BannerRegistration	1
mmViewProblem	fanff	16359: BannerRegistration	1
mmViewProblem	fazam	16359: BannerRegistration	2
mmViewProblem	feather	16359: BannerRegistration	2
mmViewProblem	fizzicks	16359: BannerRegistration	2
mmViewProblem	fjardon	16359: BannerRegistration	1
mmViewProblem	foota	16359: BannerRegistration	2
mmViewProblem	fugusuki	16359: BannerRegistration	1
mmViewProblem	ggamble0322	16359: BannerRegistration	2
mmViewProblem	ghenriques	16359: BannerRegistration	1
mmViewProblem	gkeesh7	16359: BannerRegistration	1
mmViewProblem	gokul_praveen	16359: BannerRegistration	1
mmViewProblem	goldfinch	16359: BannerRegistration	1
mmViewProblem	gurucodes	16359: BannerRegistration	1
mmViewProblem	gutoo	16359: BannerRegistration	2
mmViewProblem	guy777	16359: BannerRegistration	2
mmViewProblem	h.ik	16359: BannerRegistration	1
mmViewProblem	h0rm1	16359: BannerRegistration	2
mmViewProblem	hadisotudeh1992	16359: BannerRegistration	2
mmViewProblem	haraduka	16359: BannerRegistration	5
mmViewProblem	harryprince	16359: BannerRegistration	2
mmViewProblem	harshaneelhg	16359: BannerRegistration	2
mmViewProblem	hhoomn	16359: BannerRegistration	1
mmViewProblem	hikerclimb	16359: BannerRegistration	1
mmViewProblem	hired777	16359: BannerRegistration	2
mmViewProblem	hokekyo1210	16359: BannerRegistration	1
mmViewProblem	hoshi524	16359: BannerRegistration	1
mmViewProblem	hrishy	16359: BannerRegistration	1
mmViewProblem	htzfun	16359: BannerRegistration	1
mmViewProblem	igraphic	16359: BannerRegistration	2
mmViewProblem	iiitaboy	16359: BannerRegistration	1
mmViewProblem	impatient23	16359: BannerRegistration	1
mmViewProblem	imwilly37	16359: BannerRegistration	1
mmViewProblem	insik92	16359: BannerRegistration	1
mmViewProblem	ir2pid	16359: BannerRegistration	1
mmViewProblem	ironp	16359: BannerRegistration	2
mmViewProblem	itkarthi02	16359: BannerRegistration	1
mmViewProblem	its_akash	16359: BannerRegistration	1
mmViewProblem	ivan_metelsky	16359: BannerRegistration	1
mmViewProblem	jaikamal	16359: BannerRegistration	3
mmViewProblem	jan3594	16359: BannerRegistration	1
mmViewProblem	jasonw	16359: BannerRegistration	2
mmViewProblem	jbardo	16359: BannerRegistration	1
mmViewProblem	jbgeddes3	16359: BannerRegistration	2
mmViewProblem	jcaip	16359: BannerRegistration	1
mmViewProblem	jhtvarma	16359: BannerRegistration	1
mmViewProblem	joeycool	16359: BannerRegistration	1
mmViewProblem	jtamagna	16359: BannerRegistration	1
mmViewProblem	jun22	16359: BannerRegistration	2
mmViewProblem	juniuszhou	16359: BannerRegistration	1
mmViewProblem	kamalkishor1991	16359: BannerRegistration	2
mmViewProblem	kata.choi	16359: BannerRegistration	1
mmViewProblem	khuder	16359: BannerRegistration	2
mmViewProblem	khunshan	16359: BannerRegistration	1
mmViewProblem	ki-ki	16359: BannerRegistration	1
mmViewProblem	kliner	16359: BannerRegistration	1
mmViewProblem	knighthunter	16359: BannerRegistration	1
mmViewProblem	kohei0418	16359: BannerRegistration	1
mmViewProblem	koyumeishi	16359: BannerRegistration	1
mmViewProblem	kpoxa2l	16359: BannerRegistration	1
mmViewProblem	krishten	16359: BannerRegistration	1
mmViewProblem	krisjen	16359: BannerRegistration	1
mmViewProblem	ksma	16359: BannerRegistration	3
mmViewProblem	kudkudak	16359: BannerRegistration	1
mmViewProblem	kumar.virakta	16359: BannerRegistration	1
mmViewProblem	kwrig	16359: BannerRegistration	1
mmViewProblem	kyerise	16359: BannerRegistration	3
mmViewProblem	kym1201	16359: BannerRegistration	1
mmViewProblem	lakhu_jigsaw	16359: BannerRegistration	1
mmViewProblem	lanix_	16359: BannerRegistration	1
mmViewProblem	lejosne	16359: BannerRegistration	1
mmViewProblem	limed	16359: BannerRegistration	1
mmViewProblem	lionelc	16359: BannerRegistration	1
mmViewProblem	lipsum	16359: BannerRegistration	3
mmViewProblem	lizame2012	16359: BannerRegistration	3
mmViewProblem	lkun.erlv	16359: BannerRegistration	1
mmViewProblem	ll931110	16359: BannerRegistration	1
mmViewProblem	m12sl	16359: BannerRegistration	1
mmViewProblem	m8	16359: BannerRegistration	1
mmViewProblem	machy	16359: BannerRegistration	1
mmViewProblem	madanmaun	16359: BannerRegistration	1
mmViewProblem	madbn	16359: BannerRegistration	4
mmViewProblem	mah_1234	16359: BannerRegistration	1
mmViewProblem	malcomun	16359: BannerRegistration	1
mmViewProblem	maniek	16359: BannerRegistration	1
mmViewProblem	marchyoung	16359: BannerRegistration	1
mmViewProblem	marsavic	16359: BannerRegistration	4
mmViewProblem	martin.trojak	16359: BannerRegistration	2
mmViewProblem	martinezgjuan	16359: BannerRegistration	2
mmViewProblem	mastermark	16359: BannerRegistration	1
mmViewProblem	mateuszlewko	16359: BannerRegistration	1
mmViewProblem	mathlete314	16359: BannerRegistration	1
mmViewProblem	maxareo	16359: BannerRegistration	3
mmViewProblem	mayank24	16359: BannerRegistration	1
mmViewProblem	mayank8888	16359: BannerRegistration	1
mmViewProblem	mbaros	16359: BannerRegistration	1
mmViewProblem	mcw1142	16359: BannerRegistration	2
mmViewProblem	megaterik	16359: BannerRegistration	2
mmViewProblem	metdos	16359: BannerRegistration	1
mmViewProblem	mgidron	16359: BannerRegistration	1
mmViewProblem	mgkc	16359: BannerRegistration	1
mmViewProblem	michaelchen01	16359: BannerRegistration	1
mmViewProblem	midrux	16359: BannerRegistration	4
mmViewProblem	miguel_clean	16359: BannerRegistration	7
mmViewProblem	mikaelovi	16359: BannerRegistration	2
mmViewProblem	mikearo	16359: BannerRegistration	2
mmViewProblem	misaxi	16359: BannerRegistration	1
mmViewProblem	mish7	16359: BannerRegistration	1
mmViewProblem	mln	16359: BannerRegistration	7
mmViewProblem	moconor	16359: BannerRegistration	1
mmViewProblem	moriara	16359: BannerRegistration	3
mmViewProblem	moshu	16359: BannerRegistration	4
mmViewProblem	mrmillers	16359: BannerRegistration	4
mmViewProblem	mutecaffrey	16359: BannerRegistration	1
mmViewProblem	myossy	16359: BannerRegistration	1
mmViewProblem	natsugiri	16359: BannerRegistration	1
mmViewProblem	neae	16359: BannerRegistration	1
mmViewProblem	neo.subrata	16359: BannerRegistration	6
mmViewProblem	neotheicebird	16359: BannerRegistration	2
mmViewProblem	net_buster	16359: BannerRegistration	2
mmViewProblem	niasla	16359: BannerRegistration	1
mmViewProblem	nic.lim55	16359: BannerRegistration	2
mmViewProblem	nikalras	16359: BannerRegistration	1
mmViewProblem	nims11	16359: BannerRegistration	1
mmViewProblem	nishitchittora	16359: BannerRegistration	1
mmViewProblem	nosiar	16359: BannerRegistration	1
mmViewProblem	notmathew	16359: BannerRegistration	1
mmViewProblem	nutrino	16359: BannerRegistration	1
mmViewProblem	omu	16359: BannerRegistration	5
mmViewProblem	orlovan	16359: BannerRegistration	3
mmViewProblem	ossan01	16359: BannerRegistration	1
mmViewProblem	ourtake	16359: BannerRegistration	4
mmViewProblem	panbinhd	16359: BannerRegistration	1
mmViewProblem	pankajraaz583	16359: BannerRegistration	1
mmViewProblem	panzer3553	16359: BannerRegistration	1
mmViewProblem	patatoid	16359: BannerRegistration	1
mmViewProblem	pawan91	16359: BannerRegistration	2
mmViewProblem	petroos	16359: BannerRegistration	3
mmViewProblem	pfilippi	16359: BannerRegistration	4
mmViewProblem	phirasit	16359: BannerRegistration	1
mmViewProblem	pnomarev	16359: BannerRegistration	1
mmViewProblem	pooya_	16359: BannerRegistration	1
mmViewProblem	powerbird	16359: BannerRegistration	1
mmViewProblem	prashantgandhi	16359: BannerRegistration	1
mmViewProblem	protocolocon	16359: BannerRegistration	1
mmViewProblem	purneshtripathi	16359: BannerRegistration	2
mmViewProblem	putan	16359: BannerRegistration	1
mmViewProblem	raatum	16359: BannerRegistration	2
mmViewProblem	ragude	16359: BannerRegistration	3
mmViewProblem	rajeev9	16359: BannerRegistration	1
mmViewProblem	ramv92	16359: BannerRegistration	1
mmViewProblem	rauljordan	16359: BannerRegistration	1
mmViewProblem	rb_next	16359: BannerRegistration	2
mmViewProblem	rbbeltran86	16359: BannerRegistration	1
mmViewProblem	regina8023	16359: BannerRegistration	1
mmViewProblem	ribeiro	16359: BannerRegistration	2
mmViewProblem	rim9454	16359: BannerRegistration	1
mmViewProblem	rjpeas	16359: BannerRegistration	1
mmViewProblem	rnkavil	16359: BannerRegistration	2
mmViewProblem	rolandino	16359: BannerRegistration	2
mmViewProblem	rominirani	16359: BannerRegistration	1
mmViewProblem	rsial2	16359: BannerRegistration	10
mmViewProblem	rst9288	16359: BannerRegistration	2
mmViewProblem	ruwantha.joel	16359: BannerRegistration	1
mmViewProblem	s0nl4c	16359: BannerRegistration	1
mmViewProblem	sabbathist	16359: BannerRegistration	1
mmViewProblem	sachith500	16359: BannerRegistration	3
mmViewProblem	sah2ed	16359: BannerRegistration	1
mmViewProblem	saintila	16359: BannerRegistration	1
mmViewProblem	sakaark	16359: BannerRegistration	2
mmViewProblem	sameersoni99	16359: BannerRegistration	1
mmViewProblem	samxander	16359: BannerRegistration	1
mmViewProblem	sasikanth9	16359: BannerRegistration	2
mmViewProblem	sebasibarguen	16359: BannerRegistration	1
mmViewProblem	shaynelqwork	16359: BannerRegistration	1
mmViewProblem	sherbinaevgeniy	16359: BannerRegistration	1
mmViewProblem	shilov	16359: BannerRegistration	4
mmViewProblem	shin_taku	16359: BannerRegistration	2
mmViewProblem	shubh2TopCoder	16359: BannerRegistration	1
mmViewProblem	smudge	16359: BannerRegistration	3
mmViewProblem	snixtho	16359: BannerRegistration	2
mmViewProblem	sohel_uoa	16359: BannerRegistration	1
mmViewProblem	sourabhindian1	16359: BannerRegistration	1
mmViewProblem	sowmya96	16359: BannerRegistration	1
mmViewProblem	srivastu	16359: BannerRegistration	1
mmViewProblem	srobik	16359: BannerRegistration	1
mmViewProblem	stanisic.boris	16359: BannerRegistration	1
mmViewProblem	starea	16359: BannerRegistration	1
mmViewProblem	starwand	16359: BannerRegistration	1
mmViewProblem	sterlope	16359: BannerRegistration	1
mmViewProblem	strcoder4007	16359: BannerRegistration	1
mmViewProblem	sudiptalaha	16359: BannerRegistration	1
mmViewProblem	sukides	16359: BannerRegistration	2
mmViewProblem	suresh_knv	16359: BannerRegistration	1
mmViewProblem	sylvanarevalo	16359: BannerRegistration	1
mmViewProblem	szd714	16359: BannerRegistration	2
mmViewProblem	t-mac	16359: BannerRegistration	2
mmViewProblem	t-mac	16364: BannerAnnotate	1
mmViewProblem	t-mac	16364: BannerRegistration	1
mmViewProblem	tamas.kenez	16359: BannerRegistration	1
mmViewProblem	tanao	16359: BannerRegistration	1
mmViewProblem	tanzaku	16359: BannerRegistration	1
mmViewProblem	tau0	16359: BannerRegistration	3
mmViewProblem	tess_hamzeh	16359: BannerRegistration	1
mmViewProblem	therubiksman	16359: BannerRegistration	1
mmViewProblem	thomasjpfan	16359: BannerRegistration	1
mmViewProblem	tikitaka	16359: BannerRegistration	1
mmViewProblem	timhicks24	16359: BannerRegistration	3
mmViewProblem	timmac	16364: BannerRegistration	3
mmViewProblem	tiwasaki	16359: BannerRegistration	1
mmViewProblem	tjwheel	16359: BannerRegistration	1
mmViewProblem	torys	16359: BannerRegistration	2
mmViewProblem	tri_code	16359: BannerRegistration	7
mmViewProblem	trylar	16359: BannerRegistration	2
mmViewProblem	tuliocasagrande	16359: BannerRegistration	1
mmViewProblem	tushar_d3d11	16359: BannerRegistration	1
mmViewProblem	ty70	16359: BannerRegistration	5
mmViewProblem	tygrysek	16359: BannerRegistration	1
mmViewProblem	uchar	16359: BannerRegistration	1
mmViewProblem	upbod	16359: BannerRegistration	4
mmViewProblem	vidhyabhushanv	16359: BannerRegistration	1
mmViewProblem	vikashparida	16359: BannerRegistration	1
mmViewProblem	vikasverma	16359: BannerRegistration	1
mmViewProblem	vipermuffin	16359: BannerRegistration	1
mmViewProblem	vishfrnds	16359: BannerRegistration	1
mmViewProblem	vokie	16359: BannerRegistration	3
mmViewProblem	vss109	16359: BannerRegistration	1
mmViewProblem	vuchko	16359: BannerRegistration	3
mmViewProblem	wandering	16359: BannerRegistration	1
mmViewProblem	wehlhard	16359: BannerRegistration	1
mmViewProblem	wolfsmile	16359: BannerRegistration	1
mmViewProblem	wronfim	16359: BannerRegistration	1
mmViewProblem	wsobolewski	16359: BannerRegistration	13
mmViewProblem	wukejia	16359: BannerRegistration	3
mmViewProblem	xhae	16359: BannerRegistration	2
mmViewProblem	xiakunxian923	16359: BannerRegistration	4
mmViewProblem	xin135	16359: BannerRegistration	3
mmViewProblem	xsymphonyx	16359: BannerRegistration	1
mmViewProblem	yadav.ghanshyam	16359: BannerRegistration	1
mmViewProblem	yamakic	16359: BannerRegistration	2
mmViewProblem	yannoj2	16359: BannerRegistration	1
mmViewProblem	yaric_om	16359: BannerRegistration	1
mmViewProblem	yash123	16359: BannerRegistration	1
mmViewProblem	yassine12	16359: BannerRegistration	2
mmViewProblem	ybkr007	16359: BannerRegistration	1
mmViewProblem	yikedll	16359: BannerRegistration	1
mmViewProblem	yoss	16359: BannerRegistration	1
mmViewProblem	yrtchn	16359: BannerRegistration	4
mmViewProblem	zakharchuk	16359: BannerRegistration	2
mmViewProblem	zhangsuibian	16359: BannerRegistration	1
mmViewProblem	zhangyilun	16359: BannerRegistration	2
mmViewProblem	zheei	16359: BannerRegistration	1
mmViewProblem	ziaj	16359: BannerRegistration	1
mmViewProblem	zitro	16359: BannerRegistration	1
mmViewProblem	zizo0003	16359: BannerRegistration	3
mmViewProblem	zydeoN	16359: BannerRegistration	1
mmViewStandings	1101	16388: BannerAnnotate	1
mmViewStandings	1957	16359: BannerRegistration	1
mmViewStandings	AnandVeeramani	16359: BannerRegistration	3
mmViewStandings	AnandVeeramani	16366: BannerAnnotate	7
mmViewStandings	AndyFang	16359: BannerRegistration	1
mmViewStandings	AndyFang	16388: BannerAnnotate	6
mmViewStandings	Avitella	16365: BannerAnnotate	10
mmViewStandings	Bankevich	16359: BannerRegistration	1
mmViewStandings	Breusov	16359: BannerRegistration	2
mmViewStandings	Breusov	16376: BannerAnnotate	19
mmViewStandings	Chikov2	16359: BannerRegistration	1
mmViewStandings	DrWhatsisname	16379: BannerAnnotate	1
mmViewStandings	EgorLakomkin	16386: BannerAnnotate	1
mmViewStandings	F.L.K	16359: BannerRegistration	3
mmViewStandings	F.L.K	16385: BannerAnnotate	1
mmViewStandings	Fdg	16359: BannerRegistration	2
mmViewStandings	Fdg	16371: BannerAnnotate	1
mmViewStandings	Fed	16359: BannerRegistration	2
mmViewStandings	Fed	16387: BannerAnnotate	73
mmViewStandings	G0rynich	16364: BannerAnnotate	25
mmViewStandings	G0rynich	16365: BannerAnnotate	20
mmViewStandings	G0rynich	16366: BannerAnnotate	22
mmViewStandings	G0rynich	16367: BannerAnnotate	20
mmViewStandings	G0rynich	16368: BannerAnnotate	19
mmViewStandings	G0rynich	16369: BannerAnnotate	20
mmViewStandings	G0rynich	16370: BannerAnnotate	20
mmViewStandings	G0rynich	16371: BannerAnnotate	20
mmViewStandings	G0rynich	16373: BannerAnnotate	22
mmViewStandings	G0rynich	16374: BannerAnnotate	19
mmViewStandings	G0rynich	16375: BannerAnnotate	20
mmViewStandings	G0rynich	16376: BannerAnnotate	19
mmViewStandings	G0rynich	16377: BannerAnnotate	19
mmViewStandings	G0rynich	16378: BannerAnnotate	18
mmViewStandings	G0rynich	16379: BannerAnnotate	18
mmViewStandings	G0rynich	16380: BannerAnnotate	20
mmViewStandings	G0rynich	16381: BannerAnnotate	18
mmViewStandings	G0rynich	16382: BannerAnnotate	18
mmViewStandings	G0rynich	16383: BannerAnnotate	18
mmViewStandings	G0rynich	16384: BannerAnnotate	17
mmViewStandings	G0rynich	16385: BannerAnnotate	17
mmViewStandings	G0rynich	16386: BannerAnnotate	20
mmViewStandings	G0rynich	16387: BannerAnnotate	17
mmViewStandings	G0rynich	16388: BannerAnnotate	21
mmViewStandings	GoogleHireMe	16359: BannerRegistration	1
mmViewStandings	GoogleHireMe	16386: BannerAnnotate	4
mmViewStandings	GrantRVD	16359: BannerRegistration	1
mmViewStandings	Infinity.	16369: BannerAnnotate	23
mmViewStandings	Irioth	16359: BannerRegistration	2
mmViewStandings	Irioth	16382: BannerAnnotate	3
mmViewStandings	Ironhawks	16359: BannerRegistration	2
mmViewStandings	JK24	16359: BannerRegistration	1
mmViewStandings	JRSSKumarD	16359: BannerRegistration	2
mmViewStandings	JRSSKumarD	16377: BannerAnnotate	31
mmViewStandings	JacoCronje	16359: BannerRegistration	4
mmViewStandings	JacoCronje	16364: BannerAnnotate	4
mmViewStandings	JacoCronje	16365: BannerAnnotate	4
mmViewStandings	JacoCronje	16366: BannerAnnotate	4
mmViewStandings	JacoCronje	16367: BannerAnnotate	4
mmViewStandings	JacoCronje	16368: BannerAnnotate	4
mmViewStandings	JacoCronje	16369: BannerAnnotate	4
mmViewStandings	JacoCronje	16370: BannerAnnotate	4
mmViewStandings	JacoCronje	16371: BannerAnnotate	4
mmViewStandings	JacoCronje	16373: BannerAnnotate	1
mmViewStandings	JacoCronje	16374: BannerAnnotate	2
mmViewStandings	JacoCronje	16375: BannerAnnotate	3
mmViewStandings	JacoCronje	16376: BannerAnnotate	5
mmViewStandings	JacoCronje	16377: BannerAnnotate	4
mmViewStandings	JacoCronje	16378: BannerAnnotate	4
mmViewStandings	JacoCronje	16379: BannerAnnotate	3
mmViewStandings	JacoCronje	16380: BannerAnnotate	3
mmViewStandings	JacoCronje	16381: BannerAnnotate	3
mmViewStandings	JacoCronje	16382: BannerAnnotate	3
mmViewStandings	JacoCronje	16383: BannerAnnotate	3
mmViewStandings	JacoCronje	16384: BannerAnnotate	5
mmViewStandings	JacoCronje	16385: BannerAnnotate	3
mmViewStandings	JacoCronje	16386: BannerAnnotate	3
mmViewStandings	JacoCronje	16387: BannerAnnotate	3
mmViewStandings	JacoCronje	16388: BannerAnnotate	3
mmViewStandings	Jake1164	16359: BannerRegistration	1
mmViewStandings	Johan.de.Ruiter	16359: BannerRegistration	1
mmViewStandings	Johan.de.Ruiter	16378: BannerAnnotate	13
mmViewStandings	LOY	16377: BannerAnnotate	15
mmViewStandings	LaguneXXX	16359: BannerRegistration	1
mmViewStandings	LaguneXXX	16377: BannerAnnotate	2
mmViewStandings	Lapro	16359: BannerRegistration	1
mmViewStandings	Lapro	16377: BannerAnnotate	95
mmViewStandings	Liaksiejka	16359: BannerRegistration	1
mmViewStandings	MahmoudAGawad	16359: BannerRegistration	1
mmViewStandings	Mimino	16373: BannerAnnotate	2
mmViewStandings	Mloody2000	16359: BannerRegistration	1
mmViewStandings	Mojito1	16367: BannerAnnotate	3
mmViewStandings	MonicaMuranyi	16359: BannerRegistration	1
mmViewStandings	MonicaMuranyi	16377: BannerAnnotate	1
mmViewStandings	Mril284	16359: BannerRegistration	1
mmViewStandings	Nickolas	16359: BannerRegistration	1
mmViewStandings	Nickolas	16373: BannerAnnotate	8
mmViewStandings	Nil_ct	16359: BannerRegistration	1
mmViewStandings	Nil_ct	16369: BannerAnnotate	3
mmViewStandings	NobuMiu	16370: BannerAnnotate	4
mmViewStandings	OlexandrT	16384: BannerAnnotate	1
mmViewStandings	PaxosMyth	16359: BannerRegistration	1
mmViewStandings	Proud2BACoug	16359: BannerRegistration	1
mmViewStandings	PuffRing	16387: BannerAnnotate	25
mmViewStandings	RRx	16359: BannerRegistration	1
mmViewStandings	RRx	16380: BannerAnnotate	8
mmViewStandings	Ra16bit	16359: BannerRegistration	2
mmViewStandings	Ra16bit	16383: BannerAnnotate	9
mmViewStandings	Rubanenko	16359: BannerRegistration	2
mmViewStandings	SIGCHLD	16359: BannerRegistration	1
mmViewStandings	SebM	16359: BannerRegistration	1
mmViewStandings	SebM	16378: BannerAnnotate	2
mmViewStandings	Seip_meginu	16359: BannerRegistration	1
mmViewStandings	SoberMonkey	16359: BannerRegistration	1
mmViewStandings	Sord	16359: BannerRegistration	1
mmViewStandings	Sord	16371: BannerAnnotate	4
mmViewStandings	Steven_Huang	16359: BannerRegistration	2
mmViewStandings	TMALBONPH	16359: BannerRegistration	2
mmViewStandings	TMALBONPH	16388: BannerAnnotate	46
mmViewStandings	TahaMahmoud	16359: BannerRegistration	3
mmViewStandings	TahaMahmoud	16383: BannerAnnotate	5
mmViewStandings	Taquion	16367: BannerAnnotate	58
mmViewStandings	Tokiru	16359: BannerRegistration	2
mmViewStandings	TrePe	16359: BannerRegistration	1
mmViewStandings	TrePe	16368: BannerAnnotate	1
mmViewStandings	TwCoder	16359: BannerRegistration	1
mmViewStandings	TwCoder	16375: BannerAnnotate	7
mmViewStandings	Uchigle	16359: BannerRegistration	1
mmViewStandings	Uchigle	16377: BannerAnnotate	1
mmViewStandings	VArt	16359: BannerRegistration	3
mmViewStandings	VArt	16371: BannerAnnotate	1
mmViewStandings	V[i]ctor	16369: BannerAnnotate	1
mmViewStandings	Vardan(RAU)	16359: BannerRegistration	1
mmViewStandings	Venug	16359: BannerRegistration	1
mmViewStandings	Vetteru	16359: BannerRegistration	2
mmViewStandings	Vetteru	16370: BannerAnnotate	13
mmViewStandings	Visoks	16387: BannerAnnotate	1
mmViewStandings	WTrei	16359: BannerRegistration	1
mmViewStandings	WTrei	16366: BannerAnnotate	35
mmViewStandings	WojciechMigda	16359: BannerRegistration	4
mmViewStandings	WojciechMigda	16385: BannerAnnotate	23
mmViewStandings	Wook.Song	16359: BannerRegistration	1
mmViewStandings	YDesai	16379: BannerAnnotate	1
mmViewStandings	ZLATKO	16388: BannerAnnotate	10
mmViewStandings	_Kevin	16359: BannerRegistration	1
mmViewStandings	_Kevin	16378: BannerAnnotate	5
mmViewStandings	_Romka_	16359: BannerRegistration	1
mmViewStandings	_Romka_	16365: BannerAnnotate	13
mmViewStandings	a9108tc	16373: BannerAnnotate	8
mmViewStandings	ablasco	16359: BannerRegistration	3
mmViewStandings	ablasco	16370: BannerAnnotate	1
mmViewStandings	ablasco	16374: BannerAnnotate	1
mmViewStandings	ablasco	16377: BannerAnnotate	1
mmViewStandings	ablasco	16379: BannerAnnotate	1
mmViewStandings	ablasco	16381: BannerAnnotate	1
mmViewStandings	ablasco	16388: BannerAnnotate	1
mmViewStandings	abundrew	16359: BannerRegistration	2
mmViewStandings	abundrew	16383: BannerAnnotate	7
mmViewStandings	ahoenig	16359: BannerRegistration	3
mmViewStandings	ahoenig	16376: BannerAnnotate	6
mmViewStandings	ainu7	16374: BannerAnnotate	14
mmViewStandings	al_gol	16359: BannerRegistration	2
mmViewStandings	al_gol	16375: BannerAnnotate	99
mmViewStandings	alazyrabbit	16359: BannerRegistration	1
mmViewStandings	alcanta	16359: BannerRegistration	2
mmViewStandings	alecn2002	16359: BannerRegistration	1
mmViewStandings	alegro	16359: BannerRegistration	4
mmViewStandings	alexpeptan	16359: BannerRegistration	1
mmViewStandings	alinionut.popa	16359: BannerRegistration	2
mmViewStandings	alko	16359: BannerRegistration	1
mmViewStandings	all_random	16368: BannerAnnotate	36
mmViewStandings	ananthhh	16383: BannerAnnotate	2
mmViewStandings	anonymous	16359: BannerRegistration	469
mmViewStandings	anonymous	16364: BannerAnnotate	51
mmViewStandings	anonymous	16365: BannerAnnotate	2
mmViewStandings	anonymous	16366: BannerAnnotate	34
mmViewStandings	anonymous	16367: BannerAnnotate	5
mmViewStandings	anonymous	16368: BannerAnnotate	44
mmViewStandings	anonymous	16369: BannerAnnotate	25
mmViewStandings	anonymous	16370: BannerAnnotate	7
mmViewStandings	anonymous	16371: BannerAnnotate	110
mmViewStandings	anonymous	16373: BannerAnnotate	16
mmViewStandings	anonymous	16374: BannerAnnotate	42
mmViewStandings	anonymous	16375: BannerAnnotate	18
mmViewStandings	anonymous	16376: BannerAnnotate	21
mmViewStandings	anonymous	16377: BannerAnnotate	28
mmViewStandings	anonymous	16378: BannerAnnotate	104
mmViewStandings	anonymous	16379: BannerAnnotate	5
mmViewStandings	anonymous	16380: BannerAnnotate	28
mmViewStandings	anonymous	16381: BannerAnnotate	1
mmViewStandings	anonymous	16382: BannerAnnotate	93
mmViewStandings	anonymous	16383: BannerAnnotate	67
mmViewStandings	anonymous	16384: BannerAnnotate	130
mmViewStandings	anonymous	16385: BannerAnnotate	29
mmViewStandings	anonymous	16386: BannerAnnotate	9
mmViewStandings	anonymous	16387: BannerAnnotate	12
mmViewStandings	anonymous	16388: BannerAnnotate	7
mmViewStandings	anton.gulikov	16359: BannerRegistration	1
mmViewStandings	antoshkaplus	16359: BannerRegistration	1
mmViewStandings	antoshkaplus	16376: BannerAnnotate	2
mmViewStandings	antslag	16359: BannerRegistration	2
mmViewStandings	antslag	16383: BannerAnnotate	24
mmViewStandings	ascii892	16359: BannerRegistration	1
mmViewStandings	ascii892	16365: BannerAnnotate	1
mmViewStandings	ashersyed	16380: BannerAnnotate	1
mmViewStandings	aswmtjdsj	16385: BannerAnnotate	20
mmViewStandings	atmosphere	16359: BannerRegistration	1
mmViewStandings	atmosphere	16368: BannerAnnotate	45
mmViewStandings	azneye	16359: BannerRegistration	7
mmViewStandings	azneye	16378: BannerAnnotate	10
mmViewStandings	azukun	16385: BannerAnnotate	2
mmViewStandings	baseballnut	16359: BannerRegistration	1
mmViewStandings	baseballnut	16380: BannerAnnotate	1
mmViewStandings	bcurcio	16359: BannerRegistration	1
mmViewStandings	bdepwgjqet	16359: BannerRegistration	2
mmViewStandings	bluenet	16359: BannerRegistration	1
mmViewStandings	bohuss	16359: BannerRegistration	2
mmViewStandings	bohuss	16370: BannerAnnotate	7
mmViewStandings	brajeshlkw	16388: BannerAnnotate	22
mmViewStandings	brev	16371: BannerAnnotate	83
mmViewStandings	c7d5a6	16359: BannerRegistration	2
mmViewStandings	cannab	16359: BannerRegistration	1
mmViewStandings	cant_dance	16377: BannerAnnotate	4
mmViewStandings	caustique	16359: BannerRegistration	1
mmViewStandings	caustique	16370: BannerAnnotate	1
mmViewStandings	cbonner	16359: BannerRegistration	1
mmViewStandings	chandan047	16359: BannerRegistration	1
mmViewStandings	chandan047	16371: BannerAnnotate	8
mmViewStandings	cheaps	16359: BannerRegistration	2
mmViewStandings	cheaps	16375: BannerAnnotate	9
mmViewStandings	chengweichi	16359: BannerRegistration	2
mmViewStandings	chengweichi	16374: BannerAnnotate	55
mmViewStandings	chicapi	16359: BannerRegistration	1
mmViewStandings	chicapi	16384: BannerAnnotate	1
mmViewStandings	codingdrone	16359: BannerRegistration	1
mmViewStandings	crazygo	16359: BannerRegistration	1
mmViewStandings	ctrucza	16359: BannerRegistration	2
mmViewStandings	cubixguy77	16359: BannerRegistration	1
mmViewStandings	cup_of_tea	16381: BannerAnnotate	4
mmViewStandings	cxz2004	16359: BannerRegistration	1
mmViewStandings	cxz2004	16365: BannerAnnotate	38
mmViewStandings	cyril.v	16359: BannerRegistration	2
mmViewStandings	cyril.v	16366: BannerAnnotate	21
mmViewStandings	d_jash	16359: BannerRegistration	2
mmViewStandings	d_jash	16369: BannerAnnotate	21
mmViewStandings	daga_sumit	16382: BannerAnnotate	5
mmViewStandings	danbanica	16359: BannerRegistration	2
mmViewStandings	danbanica	16381: BannerAnnotate	16
mmViewStandings	daviduarte	16359: BannerRegistration	1
mmViewStandings	defatigue	16359: BannerRegistration	1
mmViewStandings	defatigue	16379: BannerAnnotate	1
mmViewStandings	dexy	16378: BannerAnnotate	13
mmViewStandings	dhbellol	16359: BannerRegistration	1
mmViewStandings	dhbellol	16378: BannerAnnotate	3
mmViewStandings	dilip.thapa	16359: BannerRegistration	2
mmViewStandings	dimkadimon	16377: BannerAnnotate	34
mmViewStandings	ecv	16369: BannerAnnotate	5
mmViewStandings	f1zz0_13	16359: BannerRegistration	2
mmViewStandings	f1zz0_13	16382: BannerAnnotate	1
mmViewStandings	faeton	16359: BannerRegistration	2
mmViewStandings	falanga	16387: BannerAnnotate	9
mmViewStandings	fazam	16379: BannerAnnotate	3
mmViewStandings	feather	16359: BannerRegistration	1
mmViewStandings	fizzicks	16387: BannerAnnotate	1
mmViewStandings	foota	16359: BannerRegistration	3
mmViewStandings	fugusuki	16359: BannerRegistration	1
mmViewStandings	fugusuki	16374: BannerAnnotate	33
mmViewStandings	fujiyama	16374: BannerAnnotate	14
mmViewStandings	gkeesh7	16359: BannerRegistration	3
mmViewStandings	gkeesh7	16377: BannerAnnotate	1
mmViewStandings	goldfinch	16375: BannerAnnotate	21
mmViewStandings	gutoo	16359: BannerRegistration	1
mmViewStandings	h0rm1	16359: BannerRegistration	2
mmViewStandings	haipt81	16369: BannerAnnotate	13
mmViewStandings	haraduka	16359: BannerRegistration	2
mmViewStandings	haraduka	16380: BannerAnnotate	3
mmViewStandings	harshaneelhg	16359: BannerRegistration	2
mmViewStandings	hired777	16359: BannerRegistration	3
mmViewStandings	hired777	16368: BannerAnnotate	2
mmViewStandings	hiro_00	16366: BannerAnnotate	38
mmViewStandings	hokekyo1210	16359: BannerRegistration	1
mmViewStandings	imwilly37	16359: BannerRegistration	1
mmViewStandings	ironp	16359: BannerRegistration	1
mmViewStandings	ivan_metelsky	16359: BannerRegistration	3
mmViewStandings	ivan_metelsky	16379: BannerAnnotate	2
mmViewStandings	izhari	16378: BannerAnnotate	6
mmViewStandings	jaikamal	16386: BannerAnnotate	2
mmViewStandings	jonathanps	16370: BannerAnnotate	2
mmViewStandings	jthread	16387: BannerAnnotate	17
mmViewStandings	jun22	16359: BannerRegistration	1
mmViewStandings	jun22	16379: BannerAnnotate	2
mmViewStandings	kamalkishor1991	16359: BannerRegistration	1
mmViewStandings	kamalkishor1991	16386: BannerAnnotate	3
mmViewStandings	kit1980	16367: BannerAnnotate	6
mmViewStandings	kliner	16359: BannerRegistration	1
mmViewStandings	klo86min	16359: BannerRegistration	1
mmViewStandings	klo86min	16386: BannerAnnotate	59
mmViewStandings	kohei0418	16359: BannerRegistration	1
mmViewStandings	kossi_tg	16359: BannerRegistration	1
mmViewStandings	kossi_tg	16385: BannerAnnotate	6
mmViewStandings	koyumeishi	16359: BannerRegistration	1
mmViewStandings	koyumeishi	16364: BannerAnnotate	1
mmViewStandings	kpoxa2l	16359: BannerRegistration	1
mmViewStandings	kpoxa2l	16368: BannerAnnotate	4
mmViewStandings	ksma	16359: BannerRegistration	2
mmViewStandings	ksma	16369: BannerAnnotate	2
mmViewStandings	kubapb	16364: BannerAnnotate	12
mmViewStandings	kumar.virakta	16386: BannerAnnotate	2
mmViewStandings	kyerise	16380: BannerAnnotate	2
mmViewStandings	lejosne	16359: BannerRegistration	1
mmViewStandings	lejosne	16365: BannerAnnotate	2
mmViewStandings	limed	16359: BannerRegistration	2
mmViewStandings	limed	16379: BannerAnnotate	79
mmViewStandings	lionelc	16382: BannerAnnotate	31
mmViewStandings	lipsum	16359: BannerRegistration	9
mmViewStandings	lizame2012	16359: BannerRegistration	1
mmViewStandings	logico14	16388: BannerAnnotate	72
mmViewStandings	madbn	16359: BannerRegistration	1
mmViewStandings	madbn	16369: BannerAnnotate	7
mmViewStandings	maniek	16359: BannerRegistration	1
mmViewStandings	maniek	16379: BannerAnnotate	17
mmViewStandings	marek.cygan	16359: BannerRegistration	1
mmViewStandings	marek.cygan	16380: BannerAnnotate	1
mmViewStandings	marsavic	16386: BannerAnnotate	10
mmViewStandings	marshmallow	16370: BannerAnnotate	1
mmViewStandings	martin.trojak	16359: BannerRegistration	1
mmViewStandings	martin.trojak	16379: BannerAnnotate	7
mmViewStandings	martinezgjuan	16359: BannerRegistration	1
mmViewStandings	martinezgjuan	16378: BannerAnnotate	6
mmViewStandings	mateuszlewko	16359: BannerRegistration	1
mmViewStandings	mateuszlewko	16365: BannerAnnotate	4
mmViewStandings	maxareo	16359: BannerRegistration	1
mmViewStandings	mayoko	16382: BannerAnnotate	1
mmViewStandings	mcards13	16359: BannerRegistration	1
mmViewStandings	mcw1142	16359: BannerRegistration	2
mmViewStandings	mcw1142	16381: BannerAnnotate	1
mmViewStandings	megaterik	16359: BannerRegistration	1
mmViewStandings	megaterik	16383: BannerAnnotate	31
mmViewStandings	mess	16359: BannerRegistration	2
mmViewStandings	midrux	16359: BannerRegistration	2
mmViewStandings	midrux	16382: BannerAnnotate	3
mmViewStandings	miguel_clean	16359: BannerRegistration	7
mmViewStandings	miguel_clean	16376: BannerAnnotate	77
mmViewStandings	mln	16359: BannerRegistration	3
mmViewStandings	mln	16370: BannerAnnotate	43
mmViewStandings	moriara	16359: BannerRegistration	1
mmViewStandings	moriara	16365: BannerAnnotate	3
mmViewStandings	moshu	16359: BannerRegistration	1
mmViewStandings	moshu	16384: BannerAnnotate	22
mmViewStandings	mra	16377: BannerAnnotate	1
mmViewStandings	mrmillers	16359: BannerRegistration	1
mmViewStandings	mrmillers	16388: BannerAnnotate	1
mmViewStandings	myossy	16359: BannerRegistration	2
mmViewStandings	neo.subrata	16359: BannerRegistration	3
mmViewStandings	neo.subrata	16381: BannerAnnotate	13
mmViewStandings	neotheicebird	16359: BannerRegistration	1
mmViewStandings	net_buster	16359: BannerRegistration	1
mmViewStandings	net_buster	16369: BannerAnnotate	10
mmViewStandings	nhzp339	16384: BannerAnnotate	1
mmViewStandings	nic.lim55	16375: BannerAnnotate	3
mmViewStandings	nkshn	16378: BannerAnnotate	1
mmViewStandings	not_	16385: BannerAnnotate	6
mmViewStandings	nuramania	16359: BannerRegistration	1
mmViewStandings	omegayu	16359: BannerRegistration	1
mmViewStandings	omegayu	16373: BannerAnnotate	66
mmViewStandings	omu	16359: BannerRegistration	3
mmViewStandings	omu	16374: BannerAnnotate	4
mmViewStandings	orlovan	16359: BannerRegistration	4
mmViewStandings	orlovan	16366: BannerAnnotate	65
mmViewStandings	ourtake	16359: BannerRegistration	3
mmViewStandings	ourtake	16383: BannerAnnotate	11
mmViewStandings	petroos	16359: BannerRegistration	2
mmViewStandings	petroos	16366: BannerAnnotate	9
mmViewStandings	pfilippi	16359: BannerRegistration	3
mmViewStandings	pfilippi	16387: BannerAnnotate	23
mmViewStandings	pnomarev	16387: BannerAnnotate	13
mmViewStandings	protocolocon	16359: BannerRegistration	1
mmViewStandings	purneshtripathi	16359: BannerRegistration	1
mmViewStandings	rado42	16359: BannerRegistration	2
mmViewStandings	rado42	16386: BannerAnnotate	43
mmViewStandings	ragude	16359: BannerRegistration	4
mmViewStandings	ragude	16376: BannerAnnotate	1
mmViewStandings	rb_next	16359: BannerRegistration	1
mmViewStandings	ribeiro	16359: BannerRegistration	2
mmViewStandings	ribeiro	16380: BannerAnnotate	2
mmViewStandings	rrr_guru	16380: BannerAnnotate	22
mmViewStandings	rsial2	16359: BannerRegistration	4
mmViewStandings	rsial2	16376: BannerAnnotate	1
mmViewStandings	rst9288	16374: BannerAnnotate	2
mmViewStandings	ryuwonha	16383: BannerAnnotate	5
mmViewStandings	s0nl4c	16359: BannerRegistration	1
mmViewStandings	sabbathist	16359: BannerRegistration	1
mmViewStandings	sabbathist	16369: BannerAnnotate	1
mmViewStandings	sachith500	16359: BannerRegistration	3
mmViewStandings	saintila	16359: BannerRegistration	1
mmViewStandings	sakaark	16359: BannerRegistration	2
mmViewStandings	sakaark	16368: BannerAnnotate	1
mmViewStandings	sas4eka	16371: BannerAnnotate	46
mmViewStandings	sasikanth9	16359: BannerRegistration	1
mmViewStandings	sasikanth9	16379: BannerAnnotate	1
mmViewStandings	shilov	16359: BannerRegistration	2
mmViewStandings	shilov	16384: BannerAnnotate	1
mmViewStandings	shin_taku	16359: BannerRegistration	2
mmViewStandings	smudge	16359: BannerRegistration	1
mmViewStandings	smudge	16371: BannerAnnotate	30
mmViewStandings	sohel_uoa	16359: BannerRegistration	1
mmViewStandings	sourabhindian1	16359: BannerRegistration	1
mmViewStandings	soybean	16359: BannerRegistration	1
mmViewStandings	soybean	16375: BannerAnnotate	78
mmViewStandings	starwand	16359: BannerRegistration	1
mmViewStandings	sudiptalaha	16359: BannerRegistration	1
mmViewStandings	sukides	16359: BannerRegistration	2
mmViewStandings	szd714	16359: BannerRegistration	1
mmViewStandings	szd714	16387: BannerAnnotate	1
mmViewStandings	t-mac	16359: BannerRegistration	1
mmViewStandings	t-mac	16364: BannerAnnotate	1
mmViewStandings	t-mac	16364: BannerRegistration	1
mmViewStandings	t-mac	16367: BannerAnnotate	1
mmViewStandings	t-mac	16368: BannerAnnotate	1
mmViewStandings	t-mac	16374: BannerAnnotate	2
mmViewStandings	t-mac	16375: BannerAnnotate	1
mmViewStandings	t-mac	16376: BannerAnnotate	2
mmViewStandings	t-mac	16381: BannerAnnotate	2
mmViewStandings	t-mac	16388: BannerAnnotate	3
mmViewStandings	tanzaku	16359: BannerRegistration	1
mmViewStandings	tanzaku	16375: BannerAnnotate	6
mmViewStandings	tau0	16359: BannerRegistration	1
mmViewStandings	tau0	16388: BannerAnnotate	1
mmViewStandings	threepipes_s	16359: BannerRegistration	1
mmViewStandings	tikitaka	16359: BannerRegistration	1
mmViewStandings	timmac	16364: BannerRegistration	3
mmViewStandings	tjwheel	16359: BannerRegistration	1
mmViewStandings	torys	16359: BannerRegistration	2
mmViewStandings	toshif	16379: BannerAnnotate	4
mmViewStandings	tri_code	16359: BannerRegistration	11
mmViewStandings	tri_code	16380: BannerAnnotate	30
mmViewStandings	trylar	16367: BannerAnnotate	4
mmViewStandings	ty70	16359: BannerRegistration	2
mmViewStandings	ty70	16380: BannerAnnotate	21
mmViewStandings	vbailey	16359: BannerRegistration	1
mmViewStandings	vdave	16386: BannerAnnotate	4
mmViewStandings	vikasverma	16359: BannerRegistration	1
mmViewStandings	vitux	16377: BannerAnnotate	1
mmViewStandings	vss109	16359: BannerRegistration	1
mmViewStandings	vuchko	16359: BannerRegistration	1
mmViewStandings	vuchko	16370: BannerAnnotate	1
mmViewStandings	wsobolewski	16359: BannerRegistration	11
mmViewStandings	wsobolewski	16386: BannerAnnotate	66
mmViewStandings	wukejia	16359: BannerRegistration	2
mmViewStandings	wzyxp_123	16380: BannerAnnotate	74
mmViewStandings	xhae	16359: BannerRegistration	1
mmViewStandings	xiakunxian923	16359: BannerRegistration	1
mmViewStandings	xiakunxian923	16384: BannerAnnotate	3
mmViewStandings	xin135	16359: BannerRegistration	2
mmViewStandings	xin135	16377: BannerAnnotate	6
mmViewStandings	xsymphonyx	16359: BannerRegistration	1
mmViewStandings	xsymphonyx	16379: BannerAnnotate	4
mmViewStandings	yamakic	16359: BannerRegistration	3
mmViewStandings	yaric_om	16359: BannerRegistration	1
mmViewStandings	yaric_om	16368: BannerAnnotate	21
mmViewStandings	yassine12	16359: BannerRegistration	1
mmViewStandings	ybkr007	16359: BannerRegistration	1
mmViewStandings	yedtoss	16385: BannerAnnotate	1
mmViewStandings	yfalah	16368: BannerAnnotate	23
mmViewStandings	ynasu	16385: BannerAnnotate	5
mmViewStandings	yoshibo-	16386: BannerAnnotate	9
mmViewStandings	yrtchn	16359: BannerRegistration	7
mmViewStandings	yrtchn	16385: BannerAnnotate	25
mmViewStandings	zaq1xsw2tktk	16377: BannerAnnotate	9
mmViewStandings	zhanghanyuan	16366: BannerAnnotate	2
mmViewStandings	zhangyilun	16359: BannerRegistration	1
mmViewStandings	zhanyi658657	16371: BannerAnnotate	1
mmViewStandings	zizo0003	16359: BannerRegistration	1
mmViewStandings	zizo0003	16369: BannerAnnotate	2
mmViewStandings	znirzejskwarka	16359: BannerRegistration	1

Rows Returned	10000
Rows Matched	958
Totals For All Rows Matched
			6954
